rank,company,industry,experience_ai_score
1,Roblox,Gaming,9.7
2,Duolingo,Education,9.2
3,Match Group,Dating,8.85
4,Peloton,Fitness,8.65
5,Bumble,Dating,8.65
6,Spotify,Entertainment,8.35
7,Electronic Arts,Gaming,8.25
8,Netlix,Entertainment,7.95
9,HelloFresh,Food/Cooking,7.75
10,Airbnb,Travel,7.7
11,Coursera,Education,7.4
12,Intuit,Personal Finance,7.25
13,Planet Fitness,Fitness,6.75
14,SoFi,Personal Finance,6.7
15,Booking Holdings,Travel,6.6
16,Sweetgreen,Food/Cooking,6.4
